{"cameraMode":{"drawMode":0,"name":"Shaded","section":"Shading Mode"},"sceneLighting":false,"audioPlay":false,"sceneViewState":{"showFog":true,"showMaterialUpdate":false,"showSkybox":false,"showFlares":true,"showImageEffects":true,"showParticleSystems":true,"showVisualEffectGraphs":true,"m_FxEnabled":false},"in2DMode":false,"pivot":{"x":-7.093210697174072,"y":0.7771617770195007,"z":-0.8243608474731445},"rotation":{"x":0.12416232377290726,"y":0.01637163758277893,"z":-0.0020490451715886595,"w":0.9921292662620544},"size":1.3460835218429566,"orthographic":false}