{"cameraMode":{"drawMode":0,"name":"Shaded","section":"Shading Mode"},"sceneLighting":false,"audioPlay":false,"sceneViewState":{"showFog":true,"showMaterialUpdate":false,"showSkybox":false,"showFlares":true,"showImageEffects":true,"showParticleSystems":true,"showVisualEffectGraphs":true,"m_FxEnabled":false},"in2DMode":false,"pivot":{"x":-5.281191825866699,"y":0.6717382073402405,"z":-0.2989654541015625},"rotation":{"x":0.12416232377290726,"y":0.01637163758277893,"z":-0.0020490451715886595,"w":0.9921292662620544},"size":0.9482558369636536,"orthographic":false}