{"cameraMode":{"drawMode":0,"name":"Shaded","section":"Shading Mode"},"sceneLighting":false,"audioPlay":false,"sceneViewState":{"showFog":true,"showMaterialUpdate":false,"showSkybox":false,"showFlares":true,"showImageEffects":true,"showParticleSystems":true,"showVisualEffectGraphs":true,"m_FxEnabled":false},"in2DMode":false,"pivot":{"x":-3.8607802391052248,"y":0.9416916370391846,"z":-0.6815638542175293},"rotation":{"x":0.12416232377290726,"y":0.01637163758277893,"z":-0.0020490451715886595,"w":0.9921292662620544},"size":1.6893420219421387,"orthographic":false}