{"cameraMode":{"drawMode":0,"name":"Shaded","section":"Shading Mode"},"sceneLighting":false,"audioPlay":false,"sceneViewState":{"showFog":true,"showMaterialUpdate":false,"showSkybox":false,"showFlares":true,"showImageEffects":true,"showParticleSystems":true,"showVisualEffectGraphs":true,"m_FxEnabled":false},"in2DMode":false,"pivot":{"x":-0.016575857996940614,"y":0.707960844039917,"z":0.0453341007232666},"rotation":{"x":-0.08387702703475952,"y":-0.02391263097524643,"z":-0.0020129960030317308,"w":0.9961934685707092},"size":1.9260284900665284,"orthographic":false}